<?xml version="1.0" encoding="ISO-8859-1"?>
<config>

  <!-- The starting directory. -->
  <directory type="directory">F:/Data2/</directory>
  
  <!-- The setup name -->
  <setup_name type="string">hbaic2</setup_name>

  <!-- The ui type, this is 'classic' or 'detached' -->
  <ui_type type="string">detached</ui_type>

  <!--
      This has two effects:
      
      (1) If this is True any exception will immediately crash HAL, which can
      be useful for debugging. If it is False then some exceptions will be
      handled by the modules.
      
      (2) If it is False we also don't check whether messages are valid.
  -->
  <strict type="boolean">True</strict>
  
  <!--
      Define the modules to use for this setup.
  -->
  <modules>

    <!--
	This is the main window, you must have this.
    -->
    <hal>
      <class_name type="string">HalController</class_name>
      <module_name type="string">storm_control.hal4000.hal4000</module_name>
    </hal>

    <!--
	You also need all of these.
    -->

    <!-- Camera display. -->
    <display>
      <class_name type="string">Display</class_name>
      <module_name type="string">storm_control.hal4000.display.display</module_name>
      <parameters>

	<!-- The default color table. Other options are in hal4000/colorTables/all_tables -->
	<colortable type="string">ramp.ctbl</colortable>
	
      </parameters>
    </display>
    
    <!-- Feeds. -->
    <feeds>
      <class_name type="string">Feeds</class_name>
      <module_name type="string">storm_control.hal4000.feeds.feeds</module_name>
    </feeds>

    <!-- Filming and starting/stopping the camera. -->
    <film>
      <class_name type="string">Film</class_name>
      <module_name type="string">storm_control.hal4000.film.film</module_name>

      <!-- Film parameters specific to this setup go here. -->
      <parameters>
	<extension desc="Movie file name extension" type="string" values=",Red,Green,Blue"></extension>
      </parameters>
    </film>

    <!-- Which objective is being used, etc. -->
    <mosaic>
      <class_name type="string">Mosaic</class_name>
      <module_name type="string">storm_control.hal4000.mosaic.mosaic</module_name>

      <!-- List objectives available on this setup here. -->
      <parameters>
	<flip_horizontal desc="Flip image horizontal (mosaic)" type="boolean">False</flip_horizontal>
	<flip_vertical desc="Flip image vertical (mosaic)" type="boolean">False</flip_vertical>
	<transpose desc="Transpose image (mosaic)" type="boolean">False</transpose>

	<objective desc="Current objective" type="string" values="obj1,obj2,obj3">obj1</objective>
	<obj1 desc="Objective 1" type="custom">60x,0.120,0.0,0.0</obj1>
      </parameters>
    </mosaic>

    <!-- Loading, changing and editting settings/parameters -->
    <settings>
      <class_name type="string">Settings</class_name>
      <module_name type="string">storm_control.hal4000.settings.settings</module_name>
    </settings>

    <!-- Set the time base for films. -->
    <timing>
      <class_name type="string">Timing</class_name>
      <module_name type="string">storm_control.hal4000.timing.timing</module_name>
      <parameters>
	<time_base type="string">camera1</time_base>
      </parameters>
    </timing>
  
    <!--
	Everything else is optional, but you probably want at least one camera.
    -->

    <!-- Camera control. -->
    <!--
	Note that the cameras must have the names "camera1", "camera2", etc..
	
	Cameras are either "master" (they provide their own hardware timing)
	or "slave" they are timed by another camera. Each time the cameras
	are started the slave cameras are started first, then the master cameras.
    -->

    <camera1>
      <class_name type="string">Camera</class_name>
      <module_name type="string">storm_control.hal4000.camera.camera</module_name>
      <camera>
	<master type="boolean">True</master>
	<class_name type="string">PointGreyCameraControl</class_name>
	<module_name type="string">storm_control.hal4000.camera.pointgreyCameraControl</module_name>
	<parameters>
	  <!-- Which camera to use -->
	  <camera_id type="string">17491681</camera_id>
	  
	  <!-- What value to use for the VideoMode property. -->
	  <video_mode type="string">Mode7</video_mode>

	  <!-- These are the display defaults, not the camera range. -->
	  <default_max type="int">200</default_max> 
	  <default_min type="int">30</default_min>
	  <flip_horizontal type="boolean">False</flip_horizontal>
	  <flip_vertical type="boolean">False</flip_vertical>
	  <transpose type="boolean">True</transpose>

	  <!-- These can be changed / editted. -->

	  <!-- This is the extension to use (if any) when saving data from this camera. -->
	  <extension type="string"></extension>
	  
	  <!-- Whether or not data from this camera is saved during filming. -->
	  <saved type="boolean">True</saved>

	</parameters>
      </camera>
    </camera1>

   <!-- Illumination (lasers, shutters, etc) control GUI. -->
    <illumination>
      <class_name type="string">Illumination</class_name>
      <module_name type="string">storm_control.hal4000.illumination.illumination</module_name>
      <configuration>

	<!-- Note: The name of the channel is the gui_name.
	     XML tags cannot start with numbers. -->
	<ch1>
	  <gui_name type="string">560</gui_name>
	  <color type="string">255,255,0</color>
	  <amplitude_modulation>
	    <hw_fn_name>tiger_controller.led_560</hw_fn_name>
	  </amplitude_modulation>
	</ch1>
	<ch2>
	  <gui_name type="string">BF</gui_name>
	  <color type="string">255,255,255</color>
	  <amplitude_modulation>
	    <hw_fn_name>tiger_controller.led_bf</hw_fn_name>
	  </amplitude_modulation>
	</ch2>
      </configuration>
    </illumination>

    <!-- USB joystick -->
    <joystick>
      <module_name type="string">storm_control.sc_hardware.logitech.gamepad310Module</module_name>
      <class_name type="string">Gamepad310Module</class_name>
      <configuration>
	<joystick_gains type="string">25.0,250.0,2500.0</joystick_gains>
      </configuration>
    </joystick>
    
    <!-- Stage control GUI -->
    <stage>
      <class_name type="string">Stage</class_name>
      <module_name type="string">storm_control.hal4000.stage.stage</module_name>
      <configuration>
	<stage_functionality type="string">tiger_controller.xy_stage</stage_functionality>
      </configuration>
    </stage>

    <!-- Tiger stage controller. -->
    <tiger_controller>
      <module_name type="string">storm_control.sc_hardware.appliedScientificInstrumentation.tigerModule</module_name>
      <class_name type="string">TigerController</class_name>

      <configuration>
	<baudrate type="int">115200</baudrate>
	<port type="string">COM4</port>
	<devices>
	  <xy_stage>
	    <velocity type="float">7.5</velocity>
	  </xy_stage>
	  <z_stage>
	    <center type="float">0.0</center>
	    <has_center_bar type="boolean">True</has_center_bar>
	    <maximum type="float">10000.0</maximum>
	    <minimum type="float">-10000.0</minimum>
	    <warning_high type="float">9000.0</warning_high>
	    <warning_low type="float">-9000.0</warning_low>	    
	  </z_stage>
	  <led_bf>
	    <address type="string">37</address>
	    <channel type="string">Y</channel>
	  </led_bf>
	  <led_560>
	    <address type="string">37</address>
	    <channel type="string">X</channel>
	  </led_560>
	</devices>
      </configuration>
    </tiger_controller>

    <!-- Z stage control GUI. -->
    <z_stage>
      <class_name type="string">ZStage</class_name>
      <module_name type="string">storm_control.hal4000.miscControl.zStage</module_name>
      <configuration>
	<z_stage_fn type="string">tiger_controller.z_stage</z_stage_fn>
	<large_step type="float">1.0</large_step>
	<retracted_z type="float">-1000.0</retracted_z>
	<small_step type="float">0.05</small_step>	
      </configuration>
    </z_stage>
    
  </modules>  
</config>
