<?xml version="1.0" encoding="ISO-8859-1"?>
<recipe>

<command_sequence>
  <loop name = "Valve Loop">
    <variable_entry name = "Valve Loop"></variable_entry>
    <loop name = "Movie Loop" increment = "name">	
 	<item name = "Movie 1"></item>
	<item name = "Movie 2"></item>
        <item name = "Movie 3"></item>
    </loop>
  <valve_protocol>Extra Wash</valve_protocol>
  </loop>
</command_sequence>

<item name = "Movie 1">
  <movie>
    <name increment = "Yes">bleach</name>
    <length>1000</length>
    <lock_target>0.0</lock_target>
    <progression><type>lockedout</type></progression>
    <variable_entry name = "Movie Loop"></variable_entry>
  </movie>
</item>

<item name = "Movie 2">
  <movie>
    <name increment = "Yes">405</name>
    <length>100</length>
    <lock_target>0.0</lock_target>
    <progression><type>lockedout</type></progression>
    <variable_entry name = "Movie Loop"></variable_entry>
  </movie>
</item>

<item name = "Movie 3">
  <movie>
    <name increment = "Yes">647</name>
    <length>100</length>
    <lock_target>0.0</lock_target>
    <progression><type>lockedout</type></progression>
    <variable_entry name = "Movie Loop"></variable_entry>
  </movie>
</item>

<loop_variable name = "Valve Loop">
  <value><valve_protocol>Hybridize 1</valve_protocol></value>
  <value><valve_protocol>Extra Wash</valve_protocol></value>
  <value><valve_protocol>Hybridize 1</valve_protocol></value>
</loop_variable>

<loop_variable name = "Movie Loop">
   <file_path></file_path>
</loop_variable>

</recipe>
