<?xml version="1.0" encoding="ISO-8859-1"?>
<repeat>
  <oversampling>1</oversampling>
  <frames>4</frames>
  <event>
    <channel>1</channel>
    <power>1</power>
    <on>0.0</on>
    <off>1.0</off>
    <color>255,255,255</color>
  </event>
  <event>
    <channel>2</channel>
    <power>1</power>
    <on>1.0</on>
    <off>2.0</off>
    <color>255,255,255</color>
  </event>
  <event>
    <channel>3</channel>
    <power>1</power>
    <on>2.0</on>
    <off>3.0</off>
    <color>255,255,255</color>
  </event>
  <event>
    <channel>4</channel>
    <power>1</power>
    <on>3.0</on>
    <off>4.0</off>
    <color>255,255,255</color>
  </event>
</repeat>
