<?xml version="1.0" encoding="ISO-8859-1"?>
<settings>
  <!-- camera settings -->
  <camera1 validate="True">
    <binning type="string">1x1</binning>
    <default_max type="int">2000</default_max>
    <default_min type="int">100</default_min>
    <defect_correct_mode type="string">OFF</defect_correct_mode>
    <exposure_time type="float">0.11000409022556391</exposure_time>
    <extension type="string"/>
    <flip_horizontal type="boolean">True</flip_horizontal>
    <flip_vertical type="boolean">False</flip_vertical>
    <fps type="float">9.090571068307508</fps>
    <readout_speed type="int">2</readout_speed>
    <saved type="boolean">True</saved>
    <subarray_hpos type="int">0</subarray_hpos>
    <subarray_hsize type="int">2048</subarray_hsize>
    <subarray_vpos type="int">0</subarray_vpos>
    <subarray_vsize type="int">2048</subarray_vsize>
    <transpose type="boolean">True</transpose>
    <trigger_active type="string">SYNCREADOUT</trigger_active>
    <trigger_polarity type="string">POSITIVE</trigger_polarity>
    <trigger_source type="string">INTERNAL</trigger_source>
    <x_bin type="int">1</x_bin>
    <x_end type="int">256</x_end>
    <x_pixels type="int">2048</x_pixels>
    <x_start type="int">1</x_start>
    <y_bin type="int">1</y_bin>
    <y_end type="int">256</y_end>
    <y_pixels type="int">2048</y_pixels>
    <y_start type="int">1</y_start>
  </camera1>
  <display00 validate="False">
    <camera1 validate="True">
      <center_x type="float">898.0</center_x>
      <center_y type="float">1250.0</center_y>
      <colortable type="string">ramp.ctbl</colortable>
      <display_max type="int">317</display_max>
      <display_min type="int">100</display_min>
      <initialized type="boolean">True</initialized>
      <scale type="int">0</scale>
      <sync type="int">0</sync>
    </camera1>
    <feed_name type="string">camera1</feed_name>
  </display00>
  
  <!-- film settings -->
  <film validate="False">
    <acq_mode type="string">fixed_length</acq_mode>
    <auto_increment type="boolean">True</auto_increment>
    <auto_shutters type="boolean">True</auto_shutters>
    <extension type="string"/>
    <filename type="string">movie</filename>
    <filetype type="string">.tif</filetype>
    <frames type="int">1</frames>
    <want_bell type="boolean">True</want_bell>
  </film>
  <!-- illumination settings -->
  <illumination>
  	<default_power type="custom">1.000,0.500,0.050,0.100,0.035</default_power>
  	<shutters type="string">408_shutters.xml</shutters>
    <on_off_state type="custom">False,False,False,False,False</on_off_state>
    <power_buttons type="custom">[[['Max', 1.0], ['Low', 0.1]], [['Max', 1.0], ['Low', 0.1]], [['Max', 1.0], ['Low', 0.1]], [['Max', 1.0], ['Low', 0.1]], [['Max', 1.0], ['Low', 0.035]]]</power_buttons>
  </illumination>

  <!-- focus lock settings -->
  <focuslock>
	<locked>
      <buffer_length type="int">3</buffer_length>
      <lock_gain type="float">0.1</lock_gain>
      <lock_gain_max type="float">0.1</lock_gain_max>
      <minimum_sum type="float">-1.0</minimum_sum>
      <offset_threshold type="float">50.0</offset_threshold>
    </locked>
  	<hardware_z_scan>
		<z_offsets type="string">0,0</z_offsets>
	</hardware_z_scan>
  </focuslock>
  
 <mosaic validate="False">
    <flip_horizontal type="boolean">True</flip_horizontal>
    <flip_vertical type="boolean">False</flip_vertical>
    <obj1 type="custom">60x,0.108,0.0,0.0</obj1>
    <obj2 type="custom">10x,0.67,0.0,0.0</obj2>
    <objective type="string">obj1</objective>
    <transpose type="boolean">True</transpose>
  </mosaic>
  <stage validate="True">
    <large_step_size type="float">25.0</large_step_size>
    <small_step_size type="float">5.0</small_step_size>
  </stage>
  <timing validate="True">
    <time_base type="string">camera1</time_base>
  </timing>
  
</settings>
