<?xml version="1.0" encoding="ISO-8859-1"?>
<kilroy_configuration num_valves = "3" num_pumps = "1">
  <valve_commands>
    <valve_cmd name = "Set Hyb 1">
      <valve_pos valve_ID = "1" port_ID = "1"></valve_pos>
    </valve_cmd>
    <valve_cmd name = "Set Hyb 2">
      <valve_pos valve_ID = "1" port_ID = "2"></valve_pos>
    </valve_cmd>
    <valve_cmd name = "Set Hyb 3">
      <valve_pos valve_ID = "1" port_ID = "3"></valve_pos>
    </valve_cmd>
    <valve_cmd name = "Set Hyb 4">
      <valve_pos valve_ID = "1" port_ID = "4"></valve_pos>
    </valve_cmd>
    <valve_cmd name = "Set Hyb 5">
      <valve_pos valve_ID = "1" port_ID = "5"></valve_pos>
    </valve_cmd>
    <valve_cmd name = "Set Hyb 6">
      <valve_pos valve_ID = "1" port_ID = "6"></valve_pos>
    </valve_cmd>
    <valve_cmd name = "Set Hyb 7">
      <valve_pos valve_ID = "1" port_ID = "7"></valve_pos>
    </valve_cmd>
    <valve_cmd name = "Set Hyb 8">
      <valve_pos valve_ID = "1" port_ID = "8"></valve_pos>
    </valve_cmd>
    <valve_cmd name = "Set Hyb 9">
      <valve_pos valve_ID = "1" port_ID = "9"></valve_pos>
    </valve_cmd>
    <valve_cmd name = "Set Hyb 10">
      <valve_pos valve_ID = "1" port_ID = "10"></valve_pos>
    </valve_cmd>
    <valve_cmd name = "Set Hyb 11">
      <valve_pos valve_ID = "1" port_ID = "11"></valve_pos>
    </valve_cmd>
    <valve_cmd name = "Set Hyb 12">
      <valve_pos valve_ID = "1" port_ID = "12"></valve_pos>
    </valve_cmd>
    <valve_cmd name = "Set Hyb 13">
      <valve_pos valve_ID = "1" port_ID = "13"></valve_pos>
    </valve_cmd>    
    <valve_cmd name = "Set Hyb 14">
      <valve_pos valve_ID = "1" port_ID = "14"></valve_pos>
    </valve_cmd>
    <valve_cmd name = "Set Hyb 15">
      <valve_pos valve_ID = "1" port_ID = "15"></valve_pos>
    </valve_cmd>    
    <valve_cmd name = "Set Hyb 16">
      <valve_pos valve_ID = "1" port_ID = "16"></valve_pos>
    </valve_cmd>
    <valve_cmd name = "Set Hyb 17">
      <valve_pos valve_ID = "1" port_ID = "17"></valve_pos>
    </valve_cmd>   
    <valve_cmd name = "Set Hyb 18">
      <valve_pos valve_ID = "1" port_ID = "18"></valve_pos>
    </valve_cmd>
    <valve_cmd name = "Set Hyb 19">
      <valve_pos valve_ID = "1" port_ID = "19"></valve_pos>
    </valve_cmd>
    <valve_cmd name = "Set Hyb 20">
      <valve_pos valve_ID = "1" port_ID = "20"></valve_pos>
    </valve_cmd>    
    <valve_cmd name = "Set Hyb 21">
      <valve_pos valve_ID = "1" port_ID = "21"></valve_pos>
    </valve_cmd>
    <valve_cmd name = "Set Hyb 22">
      <valve_pos valve_ID = "1" port_ID = "22"></valve_pos>
    </valve_cmd>   
    <valve_cmd name = "Set Hyb 23">
      <valve_pos valve_ID = "1" port_ID = "23"></valve_pos>
    </valve_cmd>
    <valve_cmd name = "Set Hyb 24">
      <valve_pos valve_ID = "1" port_ID = "24"></valve_pos>
    </valve_cmd>
    <valve_cmd name = "Set SSC">
      <valve_pos valve_ID = "1" port_ID = "25"></valve_pos>
    </valve_cmd>
    <valve_cmd name = "Set TCEP">
      <valve_pos valve_ID = "1" port_ID = "26"></valve_pos>
    </valve_cmd>
    <valve_cmd name = "Set Wash">
      <valve_pos valve_ID = "1" port_ID = "27"></valve_pos>
    </valve_cmd>
    <valve_cmd name = "Set Image">
     <valve_pos valve_ID = "1" port_ID = "28"></valve_pos>
    </valve_cmd>


  </valve_commands>
<!-- speed 200 ~= 833 uL / 10 sec -->
<!-- 1 uL corresponds to 1.2 pump position units -->
<!-- speed 33 corresponds to 1 mL / min -->
  <pump_commands>

     <pump_cmd name = "Flow 0.5mL">
       <pump_config position = "600" speed = "33"></pump_config>
     </pump_cmd>
     <pump_cmd name = "Flow 1mL">
       <pump_config position = "1200" speed = "33"></pump_config>
     </pump_cmd>
     <pump_cmd name = "Flow 1.5mL">
       <pump_config position = "1800" speed = "33"></pump_config>
     </pump_cmd>
     <pump_cmd name = "Flow 2mL">
       <pump_config position = "2400" speed = "33"></pump_config>
     </pump_cmd>
     <pump_cmd name = "Flow 3mL">
       <pump_config position = "3600" speed = "33"></pump_config>
     </pump_cmd>
     <pump_cmd name = "Flow 4mL">
       <pump_config position = "4800" speed = "33"></pump_config>
     </pump_cmd>
     <pump_cmd name = "Flow 5mL">
       <pump_config position = "6000" speed = "33"></pump_config>
     </pump_cmd>

     <pump_cmd name = "Flow 0.5mL fast">
       <pump_config position = "600" speed = "100"></pump_config>
     </pump_cmd>
     <pump_cmd name = "Flow 1mL fast">
       <pump_config position = "1200" speed = "100"></pump_config>
     </pump_cmd>
     <pump_cmd name = "Flow 1.5mL fast">
       <pump_config position = "1800" speed = "100"></pump_config>
     </pump_cmd>
     <pump_cmd name = "Flow 2mL fast">
       <pump_config position = "2400" speed = "100"></pump_config>
     </pump_cmd>
     <pump_cmd name = "Flow 3mL fast">
       <pump_config position = "3600" speed = "100"></pump_config>
     </pump_cmd>
     <pump_cmd name = "Flow 4mL fast">
       <pump_config position = "4800" speed = "100"></pump_config>
     </pump_cmd>
     <pump_cmd name = "Flow 5mL fast">
       <pump_config position = "6000" speed = "100"></pump_config>
     </pump_cmd>

  </pump_commands>

  <kilroy_protocols>

  	<protocol name = "Cleave">
     	<valve duration = "5">Set TCEP</valve>
    	<pump duration = "900">Flow 2mL</pump>
     	<valve duration = "5">Set SSC</valve>
    	<pump duration = "180">Flow 2mL</pump>
    </protocol>

    <protocol name = "Cleave then image">
        <valve duration = "5">Set TCEP</valve>
        <pump duration = "540">Flow 2mL</pump>
        <valve duration = "5">Set SSC</valve>
        <pump duration = "180">Flow 2mL</pump>
        <valve duration = "5">Set Image</valve>
        <pump duration = "180">Flow 2mL</pump>
    </protocol>

    <protocol name = "Flow Image Buffer">
        <valve duration = "5">Set Image</valve>
        <pump duration = "180">Flow 2mL</pump>
    </protocol>    
    
    <protocol name = "Flow SSC">
        <valve duration = "5">Set SSC</valve>
        <pump duration = "180">Flow 2mL</pump>
    </protocol> 

    <protocol name = "Flow Image Buffer fast">
        <valve duration = "5">Set Image</valve>
        <pump duration = "60">Flow 2mL fast</pump>
    </protocol>    

    <protocol name = "Flow SSC fast">
        <valve duration = "5">Set SSC</valve>
        <pump duration = "60">Flow 2mL fast</pump>
    </protocol>    

    <protocol name = "Prime specific">
	<valve duration = "5">Set SSC</valve>
    <pump duration = "60">Flow 0.5mL</pump>
    <valve duration = "5">Set Hyb 2</valve>
    <pump duration = "60">Flow 0.5mL</pump>
    <valve duration = "5">Set Hyb 3</valve>
    <pump duration = "60">Flow 0.5mL</pump>
    <valve duration = "5">Set Hyb 4</valve>
    <pump duration = "60">Flow 0.5mL</pump>
    <valve duration = "5">Set Hyb 5</valve>
    <pump duration = "60">Flow 0.5mL</pump>
    <valve duration = "5">Set Hyb 6</valve>
    <pump duration = "60">Flow 0.5mL</pump>
    <valve duration = "5">Set Hyb 7</valve>
    <pump duration = "60">Flow 0.5mL</pump>
    <valve duration = "5">Set Hyb 8</valve>
    <pump duration = "60">Flow 0.5mL</pump>
    <valve duration = "5">Set Hyb 9</valve>
    <pump duration = "60">Flow 0.5mL</pump>
    <valve duration = "5">Set Hyb 10</valve>
    <pump duration = "60">Flow 0.5mL</pump>
    <valve duration = "5">Set Hyb 11</valve>
    <pump duration = "60">Flow 0.5mL</pump>
    <valve duration = "5">Set Hyb 12</valve>
    <pump duration = "60">Flow 0.5mL</pump>
    <valve duration = "5">Set Hyb 13</valve>
    <pump duration = "60">Flow 0.5mL</pump>
    <valve duration = "5">Set Hyb 14</valve>
    <pump duration = "60">Flow 0.5mL</pump>
    <valve duration = "5">Set Hyb 15</valve>
    <pump duration = "60">Flow 0.5mL</pump>
    <valve duration = "5">Set Hyb 16</valve>
    <pump duration = "60">Flow 0.5mL</pump>
    <valve duration = "5">Set Wash</valve>
    <pump duration = "120">Flow 1mL</pump>
    <valve duration = "5">Set TCEP</valve>
    <pump duration = "120">Flow 1mL</pump>
    <valve duration = "5">Set Image</valve>
    <pump duration = "120">Flow 1mL</pump>
    <valve duration = "5">Set SSC</valve>
    <pump duration = "240">Flow 2mL</pump>

    </protocol>
  <protocol name = "Prime all">
    <valve duration = "5">Set Hyb 1</valve>
    <pump duration = "50">Flow 0.5mL</pump>
    <valve duration = "5">Set Hyb 2</valve>
    <pump duration = "50">Flow 0.5mL</pump>
    <valve duration = "5">Set Hyb 3</valve>
    <pump duration = "50">Flow 0.5mL</pump>
    <valve duration = "5">Set Hyb 4</valve>
    <pump duration = "50">Flow 0.5mL</pump>
    <valve duration = "5">Set Hyb 5</valve>
    <pump duration = "50">Flow 0.5mL</pump>
    <valve duration = "5">Set Hyb 6</valve>
    <pump duration = "50">Flow 0.5mL</pump>
    <valve duration = "5">Set Hyb 7</valve>
    <pump duration = "50">Flow 0.5mL</pump>
    <valve duration = "5">Set Hyb 8</valve>
    <pump duration = "50">Flow 0.5mL</pump>
    <valve duration = "5">Set Hyb 9</valve>
    <pump duration = "50">Flow 0.5mL</pump>
    <valve duration = "5">Set Hyb 10</valve>
    <pump duration = "50">Flow 0.5mL</pump>
    <valve duration = "5">Set Hyb 11</valve>
    <pump duration = "50">Flow 0.5mL</pump>
    <valve duration = "5">Set Hyb 12</valve>
    <pump duration = "50">Flow 0.5mL</pump>
    <valve duration = "5">Set Hyb 13</valve>
    <pump duration = "50">Flow 0.5mL</pump>
    <valve duration = "5">Set Hyb 14</valve>
    <pump duration = "50">Flow 0.5mL</pump>
    <valve duration = "5">Set Hyb 15</valve>
    <pump duration = "50">Flow 0.5mL</pump>
    <valve duration = "5">Set Hyb 16</valve>
    <pump duration = "50">Flow 0.5mL</pump>
    <valve duration = "5">Set Hyb 17</valve>
    <pump duration = "50">Flow 0.5mL</pump>
    <valve duration = "5">Set Hyb 18</valve>
    <pump duration = "50">Flow 0.5mL</pump>
    <valve duration = "5">Set Hyb 19</valve>
    <pump duration = "50">Flow 0.5mL</pump>
    <valve duration = "5">Set Hyb 20</valve>
    <pump duration = "50">Flow 0.5mL</pump>
    <valve duration = "5">Set Hyb 21</valve>
    <pump duration = "50">Flow 0.5mL</pump>
    <valve duration = "5">Set Hyb 22</valve>
    <pump duration = "50">Flow 0.5mL</pump>
    <valve duration = "5">Set Hyb 23</valve>
    <pump duration = "50">Flow 0.5mL</pump>
    <valve duration = "5">Set Hyb 24</valve>
    <pump duration = "50">Flow 0.5mL</pump>
    <valve duration = "5">Set SSC</valve>
    <pump duration = "50">Flow 0.5mL</pump>
    <valve duration = "5">Set TCEP</valve>
    <pump duration = "50">Flow 0.5mL</pump>
    <valve duration = "5">Set Wash</valve>
    <pump duration = "50">Flow 0.5mL</pump>
    <valve duration = "5">Set Image</valve>
    <pump duration = "50">Flow 0.5mL</pump>
    <valve duration = "5">Set SSC</valve>
    <pump duration = "200">Flow 2mL</pump>

     </protocol>


   <protocol name = "Cleanup all">
    <valve duration = "5">Set Hyb 1</valve>
    <pump duration = "90">Flow 3mL fast</pump>
    <valve duration = "5">Set Hyb 2</valve>
    <pump duration = "90">Flow 3mL fast</pump>
    <valve duration = "5">Set Hyb 3</valve>
    <pump duration = "90">Flow 3mL fast</pump>
    <valve duration = "5">Set Hyb 4</valve>
    <pump duration = "90">Flow 3mL fast</pump>
    <valve duration = "5">Set Hyb 5</valve>
    <pump duration = "90">Flow 3mL fast</pump>
    <valve duration = "5">Set Hyb 6</valve>
    <pump duration = "90">Flow 3mL fast</pump>
    <valve duration = "5">Set Hyb 7</valve>
    <pump duration = "90">Flow 3mL fast</pump>
    <valve duration = "5">Set Hyb 8</valve>
    <pump duration = "90">Flow 3mL fast</pump>
    <valve duration = "5">Set Hyb 9</valve>
    <pump duration = "90">Flow 3mL fast</pump>
    <valve duration = "5">Set Hyb 10</valve>
    <pump duration = "90">Flow 3mL fast</pump>
    <valve duration = "5">Set Hyb 11</valve>
    <pump duration = "90">Flow 3mL fast</pump>
    <valve duration = "5">Set Hyb 12</valve>
    <pump duration = "90">Flow 3mL fast</pump>
    <valve duration = "5">Set Hyb 13</valve>
    <pump duration = "90">Flow 3mL fast</pump>
    <valve duration = "5">Set Hyb 14</valve>
    <pump duration = "90">Flow 3mL fast</pump>
    <valve duration = "5">Set Hyb 15</valve>
    <pump duration = "90">Flow 3mL fast</pump>
    <valve duration = "5">Set Hyb 16</valve>
    <pump duration = "90">Flow 3mL fast</pump>
    <valve duration = "5">Set Hyb 17</valve>
    <pump duration = "90">Flow 3mL fast</pump>
    <valve duration = "5">Set Hyb 18</valve>
    <pump duration = "90">Flow 3mL fast</pump>
    <valve duration = "5">Set Hyb 19</valve>
    <pump duration = "90">Flow 3mL fast</pump>
    <valve duration = "5">Set Hyb 20</valve>
    <pump duration = "90">Flow 3mL fast</pump>
    <valve duration = "5">Set Hyb 21</valve>
    <pump duration = "90">Flow 3mL fast</pump>
    <valve duration = "5">Set Hyb 22</valve>
    <pump duration = "90">Flow 3mL fast</pump>
    <valve duration = "5">Set Hyb 23</valve>
    <pump duration = "90">Flow 3mL fast</pump>
    <valve duration = "5">Set Hyb 24</valve>
    <pump duration = "90">Flow 3mL fast</pump>
    <valve duration = "5">Set SSC</valve>
    <pump duration = "90">Flow 3mL fast</pump>
    <valve duration = "5">Set TCEP</valve>
    <pump duration = "90">Flow 3mL fast</pump>
    <valve duration = "5">Set Wash</valve>
    <pump duration = "90">Flow 3mL fast</pump>
    <valve duration = "5">Set Image</valve>
    <pump duration = "90">Flow 3mL fast</pump>
     </protocol>
     
   <protocol name = "Cleanup 4">
    <valve duration = "5">Set SSC</valve>
    <pump duration = "90">Flow 3mL fast</pump>
    <valve duration = "5">Set TCEP</valve>
    <pump duration = "90">Flow 3mL fast</pump>
    <valve duration = "5">Set Wash</valve>
    <pump duration = "90">Flow 3mL fast</pump>
    <valve duration = "5">Set Image</valve>
    <pump duration = "90">Flow 3mL fast</pump>
     </protocol>
	
	<protocol name = "Cleanup all, 1ml, slow">
    <valve duration = "5">Set Hyb 1</valve>
    <pump duration = "150">Flow 2mL</pump>
    <valve duration = "5">Set Hyb 2</valve>
    <pump duration = "150">Flow 2mL</pump>
    <valve duration = "5">Set Hyb 3</valve>
    <pump duration = "150">Flow 2mL</pump>
    <valve duration = "5">Set Hyb 4</valve>
    <pump duration = "150">Flow 2mL</pump>
    <valve duration = "5">Set Hyb 5</valve>
    <pump duration = "150">Flow 2mL</pump>
    <valve duration = "5">Set Hyb 6</valve>
    <pump duration = "150">Flow 2mL</pump>
    <valve duration = "5">Set Hyb 7</valve>
    <pump duration = "150">Flow 2mL</pump>
    <valve duration = "5">Set Hyb 8</valve>
    <pump duration = "150">Flow 2mL</pump>
    <valve duration = "5">Set Hyb 9</valve>
    <pump duration = "150">Flow 2mL</pump>
    <valve duration = "5">Set Hyb 10</valve>
    <pump duration = "150">Flow 2mL</pump>
    <valve duration = "5">Set Hyb 11</valve>
    <pump duration = "150">Flow 2mL</pump>
    <valve duration = "5">Set Hyb 12</valve>
    <pump duration = "150">Flow 2mL</pump>
    <valve duration = "5">Set Hyb 13</valve>
    <pump duration = "150">Flow 2mL</pump>
    <valve duration = "5">Set Hyb 14</valve>
    <pump duration = "150">Flow 2mL</pump>
    <valve duration = "5">Set Hyb 15</valve>
    <pump duration = "150">Flow 2mL</pump>
    <valve duration = "5">Set Hyb 16</valve>
    <pump duration = "150">Flow 2mL</pump>
    <valve duration = "5">Set Hyb 17</valve>
    <pump duration = "150">Flow 2mL</pump>
    <valve duration = "5">Set Hyb 18</valve>
    <pump duration = "150">Flow 2mL</pump>
    <valve duration = "5">Set Hyb 19</valve>
    <pump duration = "150">Flow 2mL</pump>
    <valve duration = "5">Set Hyb 20</valve>
    <pump duration = "150">Flow 2mL</pump>
    <valve duration = "5">Set Hyb 21</valve>
    <pump duration = "150">Flow 2mL</pump>
    <valve duration = "5">Set Hyb 22</valve>
    <pump duration = "150">Flow 2mL</pump>
    <valve duration = "5">Set Hyb 23</valve>
    <pump duration = "150">Flow 2mL</pump>
    <valve duration = "5">Set Hyb 24</valve>
    <pump duration = "150">Flow 2mL</pump>
    <valve duration = "5">Set SSC</valve>
    <pump duration = "150">Flow 2mL</pump>
    <valve duration = "5">Set TCEP</valve>
    <pump duration = "150">Flow 2mL</pump>
    <valve duration = "5">Set Wash</valve>
    <pump duration = "150">Flow 2mL</pump>
    <valve duration = "5">Set Image</valve>
    <pump duration = "150">Flow 2mL</pump>
     </protocol>

    <protocol name = "Hybridize 1">
     	<valve duration = "5">Set Hyb 1</valve>
    	<pump duration = "1240">Flow 3mL</pump>
     	<valve duration = "5">Set Wash</valve>
    	<pump duration = "390">Flow 2mL</pump>
     	<valve duration = "5">Set Image</valve>
    	<pump duration = "200">Flow 2mL</pump>
     </protocol>
       <protocol name = "Hybridize 2">
        <valve duration = "5">Set Hyb 2</valve>
        <pump duration = "1240">Flow 3mL</pump>
        <valve duration = "5">Set Wash</valve>
        <pump duration = "390">Flow 2mL</pump>
        <valve duration = "5">Set Image</valve>
        <pump duration = "200">Flow 2mL</pump>
     </protocol>

       <protocol name = "Hybridize 3">
        <valve duration = "5">Set Hyb 3</valve>
        <pump duration = "1240">Flow 3mL</pump>
        <valve duration = "5">Set Wash</valve>
        <pump duration = "390">Flow 2mL</pump>
        <valve duration = "5">Set Image</valve>
        <pump duration = "200">Flow 2mL</pump>
     </protocol>
       <protocol name = "Hybridize 4">
        <valve duration = "5">Set Hyb 4</valve>
        <pump duration = "1240">Flow 3mL</pump>
        <valve duration = "5">Set Wash</valve>
        <pump duration = "390">Flow 2mL</pump>
        <valve duration = "5">Set Image</valve>
        <pump duration = "200">Flow 2mL</pump>
     </protocol>
       <protocol name = "Hybridize 5">
        <valve duration = "5">Set Hyb 5</valve>
        <pump duration = "1240">Flow 3mL</pump>
        <valve duration = "5">Set Wash</valve>
        <pump duration = "390">Flow 2mL</pump>
        <valve duration = "5">Set Image</valve>
        <pump duration = "200">Flow 2mL</pump>
     </protocol>
       <protocol name = "Hybridize 6">
        <valve duration = "5">Set Hyb 6</valve>
        <pump duration = "1240">Flow 3mL</pump>
        <valve duration = "5">Set Wash</valve>
        <pump duration = "390">Flow 2mL</pump>
        <valve duration = "5">Set Image</valve>
        <pump duration = "200">Flow 2mL</pump>
     </protocol>
       <protocol name = "Hybridize 7">
        <valve duration = "5">Set Hyb 7</valve>
        <pump duration = "1240">Flow 3mL</pump>
        <valve duration = "5">Set Wash</valve>
        <pump duration = "390">Flow 2mL</pump>
        <valve duration = "5">Set Image</valve>
        <pump duration = "200">Flow 2mL</pump>
     </protocol>
       <protocol name = "Hybridize 8">
        <valve duration = "5">Set Hyb 8</valve>
        <pump duration = "1240">Flow 3mL</pump>
        <valve duration = "5">Set Wash</valve>
        <pump duration = "390">Flow 2mL</pump>
        <valve duration = "5">Set Image</valve>
        <pump duration = "200">Flow 2mL</pump>
     </protocol>
       <protocol name = "Hybridize 9">
        <valve duration = "5">Set Hyb 9</valve>
        <pump duration = "1240">Flow 3mL</pump>
        <valve duration = "5">Set Wash</valve>
        <pump duration = "390">Flow 2mL</pump>
        <valve duration = "5">Set Image</valve>
        <pump duration = "200">Flow 2mL</pump>
     </protocol>
       <protocol name = "Hybridize 10">
        <valve duration = "5">Set Hyb 10</valve>
        <pump duration = "1240">Flow 3mL</pump>
        <valve duration = "5">Set Wash</valve>
        <pump duration = "390">Flow 2mL</pump>
        <valve duration = "5">Set Image</valve>
        <pump duration = "200">Flow 2mL</pump>
     </protocol>
       <protocol name = "Hybridize 11">
        <valve duration = "5">Set Hyb 11</valve>
        <pump duration = "1240">Flow 3mL</pump>
        <valve duration = "5">Set Wash</valve>
        <pump duration = "390">Flow 2mL</pump>
        <valve duration = "5">Set Image</valve>
        <pump duration = "200">Flow 2mL</pump>
     </protocol>
       <protocol name = "Hybridize 12">
        <valve duration = "5">Set Hyb 12</valve>
        <pump duration = "1240">Flow 3mL</pump>
        <valve duration = "5">Set Wash</valve>
        <pump duration = "390">Flow 2mL</pump>
        <valve duration = "5">Set Image</valve>
        <pump duration = "200">Flow 2mL</pump>
     </protocol>
       <protocol name = "Hybridize 13">
        <valve duration = "5">Set Hyb 13</valve>
        <pump duration = "1240">Flow 3mL</pump>
        <valve duration = "5">Set Wash</valve>
        <pump duration = "390">Flow 2mL</pump>
        <valve duration = "5">Set Image</valve>
        <pump duration = "200">Flow 2mL</pump>
     </protocol>
       <protocol name = "Hybridize 14">
        <valve duration = "5">Set Hyb 14</valve>
        <pump duration = "1240">Flow 3mL</pump>
        <valve duration = "5">Set Wash</valve>
        <pump duration = "390">Flow 2mL</pump>
        <valve duration = "5">Set Image</valve>
        <pump duration = "200">Flow 2mL</pump>
     </protocol>
       <protocol name = "Hybridize 15">
        <valve duration = "5">Set Hyb 15</valve>
        <pump duration = "1240">Flow 3mL</pump>
        <valve duration = "5">Set Wash</valve>
        <pump duration = "390">Flow 2mL</pump>
        <valve duration = "5">Set Image</valve>
        <pump duration = "200">Flow 2mL</pump>
     </protocol>
       <protocol name = "Hybridize 16">
        <valve duration = "5">Set Hyb 16</valve>
        <pump duration = "1240">Flow 3mL</pump>
        <valve duration = "5">Set Wash</valve>
        <pump duration = "390">Flow 2mL</pump>
        <valve duration = "5">Set Image</valve>
        <pump duration = "200">Flow 2mL</pump>
     </protocol>
       <protocol name = "Hybridize 17">
        <valve duration = "5">Set Hyb 17</valve>
        <pump duration = "1240">Flow 3mL</pump>
        <valve duration = "5">Set Wash</valve>
        <pump duration = "390">Flow 2mL</pump>
        <valve duration = "5">Set Image</valve>
        <pump duration = "200">Flow 2mL</pump>
     </protocol>
       <protocol name = "Hybridize 18">
        <valve duration = "5">Set Hyb 18</valve>
        <pump duration = "1240">Flow 3mL</pump>
        <valve duration = "5">Set Wash</valve>
        <pump duration = "390">Flow 2mL</pump>
        <valve duration = "5">Set Image</valve>
        <pump duration = "200">Flow 2mL</pump>
     </protocol>
       <protocol name = "Hybridize 19">
        <valve duration = "5">Set Hyb 19</valve>
        <pump duration = "1240">Flow 3mL</pump>
        <valve duration = "5">Set Wash</valve>
        <pump duration = "390">Flow 2mL</pump>
        <valve duration = "5">Set Image</valve>
        <pump duration = "200">Flow 2mL</pump>
     </protocol>
       <protocol name = "Hybridize 20">
        <valve duration = "5">Set Hyb 20</valve>
        <pump duration = "1240">Flow 3mL</pump>
        <valve duration = "5">Set Wash</valve>
        <pump duration = "390">Flow 2mL</pump>
        <valve duration = "5">Set Image</valve>
        <pump duration = "200">Flow 2mL</pump>
     </protocol>
       <protocol name = "Hybridize 21">
        <valve duration = "5">Set Hyb 21</valve>
        <pump duration = "1240">Flow 3mL</pump>
        <valve duration = "5">Set Wash</valve>
        <pump duration = "390">Flow 2mL</pump>
        <valve duration = "5">Set Image</valve>
        <pump duration = "200">Flow 2mL</pump>
     </protocol>
       <protocol name = "Hybridize 22">
        <valve duration = "5">Set Hyb 22</valve>
        <pump duration = "1240">Flow 3mL</pump>
        <valve duration = "5">Set Wash</valve>
        <pump duration = "390">Flow 2mL</pump>
        <valve duration = "5">Set Image</valve>
        <pump duration = "200">Flow 2mL</pump>
     </protocol>
       <protocol name = "Hybridize 23">
        <valve duration = "5">Set Hyb 23</valve>
        <pump duration = "1240">Flow 3mL</pump>
        <valve duration = "5">Set Wash</valve>
        <pump duration = "390">Flow 2mL</pump>
        <valve duration = "5">Set Image</valve>
        <pump duration = "200">Flow 2mL</pump>
     </protocol>
       <protocol name = "Hybridize 24">
        <valve duration = "5">Set Hyb 24</valve>
        <pump duration = "1240">Flow 3mL</pump>
        <valve duration = "5">Set Wash</valve>
        <pump duration = "390">Flow 2mL</pump>
        <valve duration = "5">Set Image</valve>
        <pump duration = "200">Flow 2mL</pump>
     </protocol> 



   </kilroy_protocols>
</kilroy_configuration>
